TimeFrame,Item Type,Station,Category,Class,Count,Pct
DoD,Count,06,TollsByMail,2L,436,7.31789191003693
DoD,Revenue,06,TollsByMail,2L,545,7.31789191003693
DoD,Count,06,TollsByMail,3L,2,12.5
DoD,Revenue,06,TollsByMail,3L,3,12.5
YoY,Count,06,TollsByMail,3L,-26,-59.0909090909091
YoY,Revenue,06,TollsByMail,3L,-39,-59.0909090909091
DoD,Count,06,TollsByMail,4L,-3,-6.52173913043478
DoD,Revenue,06,TollsByMail,4L,-5.25,-6.52173913043478
YoY,Count,06,TollsByMail,4L,25,138.888888888889
YoY,Revenue,06,TollsByMail,4L,43.75,138.888888888889
DoD,Count,06,TollsByMail,2H,39,5.79494799405646
DoD,Revenue,06,TollsByMail,2H,78,5.79494799405646
YoY,Count,06,TollsByMail,2H,140,24.4755244755245
YoY,Revenue,06,TollsByMail,2H,280,24.4755244755245
DoD,Count,06,TollsByMail,3H,-47,-23.8578680203046
DoD,Revenue,06,TollsByMail,3H,-105.75,-23.8578680203046
YoY,Count,06,TollsByMail,3H,38,33.9285714285714
YoY,Revenue,06,TollsByMail,3H,85.5,33.9285714285714
DoD,Count,06,TollsByMail,4H,-11,-15.4929577464789
DoD,Revenue,06,TollsByMail,4H,-30.25,-15.4929577464789
YoY,Count,06,TollsByMail,4H,-7,-10.4477611940298
YoY,Revenue,06,TollsByMail,4H,-19.25,-10.4477611940298
DoD,Count,06,TollsByMail,6H,-6,-20.6896551724138
DoD,Revenue,06,TollsByMail,6H,-27,-20.6896551724138
DoD,Count,06,TollsByMail,7H,3,18.75
DoD,Revenue,06,TollsByMail,7H,15,18.75
YoY,Count,06,TollsByMail,7H,9,90
YoY,Revenue,06,TollsByMail,7H,45,90
YoY,Count,06,EZ AMS,Commuter,-794,-32.1457489878542
YoY,Revenue,06,EZ AMS,Commuter,-436.7,-32.1457489878543
YoY,Count,06,EZ AMS,Green Discount,-18,-25.7142857142857
YoY,Revenue,06,EZ AMS,Green Discount,-19.26,-25.7142857142857
DoD,Count,06,EZ AMS,Motor Cycle 2L,-4,-28.5714285714286
DoD,Revenue,06,EZ AMS,Motor Cycle 2L,-2.52,-28.5714285714286
YoY,Count,06,EZ AMS,Motor Cycle 2L,8,400
YoY,Revenue,06,EZ AMS,Motor Cycle 2L,5.04,400
DoD,Count,06,EZ AMS,2L,2083,6.51548326556146
DoD,Revenue,06,EZ AMS,2L,2489.93,6.52546970288623
YoY,Count,06,EZ AMS,2L,-5918,-14.805734157264
YoY,Revenue,06,EZ AMS,2L,-7086.4,-14.845779991088
DoD,Count,06,EZ AMS,3L,1,7.69230769230769
DoD,Revenue,06,EZ AMS,3L,1.36,7.26107848371596
YoY,Count,06,EZ AMS,3L,-30,-68.1818181818182
YoY,Revenue,06,EZ AMS,3L,-43.04,-68.176778076984
DoD,Count,06,EZ AMS,4L,7,25
DoD,Revenue,06,EZ AMS,4L,11.53,24.2890246471456
YoY,Count,06,EZ AMS,4L,7,25
YoY,Revenue,06,EZ AMS,4L,12.07,25.7191561900703
YoY,Count,06,EZ AMS,2H,-282,-12.2395833333333
YoY,Revenue,06,EZ AMS,2H,-539,-12.2213908350906
YoY,Count,06,EZ AMS,3H,-118,-13.9479905437352
YoY,Revenue,06,EZ AMS,3H,-252.52,-13.8153647514525
DoD,Count,06,EZ AMS,5H,80,7.20720720720721
DoD,Revenue,06,EZ AMS,5H,340.84,7.39655692488645
YoY,Count,06,EZ AMS,5H,97,8.87465690759378
YoY,Revenue,06,EZ AMS,5H,423.59,9.36040164937883
DoD,Count,06,EZ AMS,5S,32,8.14249363867684
DoD,Revenue,06,EZ AMS,5S,95.6800000000001,8.14249363867685
YoY,Count,06,EZ AMS,5S,-36,-7.80911062906725
YoY,Revenue,06,EZ AMS,5S,-107.64,-7.80911062906725
DoD,Count,06,EZ AMS,6H,17,39.5348837209302
DoD,Revenue,06,EZ AMS,6H,73.64,39.2161039514325
YoY,Count,06,EZ AMS,6H,-13,-17.8082191780822
YoY,Revenue,06,EZ AMS,6H,-54.54,-17.2616786935055
DoD,Count,06,EZ AMS,6S,15,16.6666666666667
DoD,Revenue,06,EZ AMS,6S,44.85,16.6666666666667
YoY,Count,06,EZ AMS,6S,20,23.5294117647059
YoY,Revenue,06,EZ AMS,6S,59.8,23.5294117647059
DoD,Count,06,EZ AMS,7H,3,12
DoD,Revenue,06,EZ AMS,7H,14.75,12.4210526315789
YoY,Count,06,EZ AMS,7H,5,21.7391304347826
YoY,Revenue,06,EZ AMS,7H,24.25,22.1967963386728
YoY,Count,06,EZ AMS,Non-Revenue,-20,-7.8740157480315
YoY,Revenue,06,EZ AMS,Non-Revenue,0,NaN
YoY,Count,06,EZ CAPS,2L,-27,-18.8811188811189
YoY,Revenue,06,EZ CAPS,2L,-32.13,-18.8811188811189
DoD,Count,06,EZ CAPS,3L,1,Infinity
DoD,Revenue,06,EZ CAPS,3L,1.43,Infinity
YoY,Count,06,EZ CAPS,3L,-1,-50
YoY,Revenue,06,EZ CAPS,3L,-1.43,-50
DoD,Count,06,EZ CAPS,4L,-1,-33.3333333333333
DoD,Revenue,06,EZ CAPS,4L,-1.66,-33.3333333333333
YoY,Count,06,EZ CAPS,4L,-7,-77.7777777777778
YoY,Revenue,06,EZ CAPS,4L,-11.62,-77.7777777777778
DoD,Count,06,EZ CAPS,2H,31,9.01162790697674
DoD,Revenue,06,EZ CAPS,2H,58.9,9.01162790697674
DoD,Count,06,EZ CAPS,3H,-38,-16.4502164502165
DoD,Revenue,06,EZ CAPS,3H,-81.32,-16.4502164502164
YoY,Count,06,EZ CAPS,3H,-75,-27.9850746268657
YoY,Revenue,06,EZ CAPS,3H,-160.5,-27.9850746268657
DoD,Count,06,EZ CAPS,4H,58,23.2931726907631
DoD,Revenue,06,EZ CAPS,4H,151.38,23.2931726907631
YoY,Count,06,EZ CAPS,4H,81,35.8407079646018
YoY,Revenue,06,EZ CAPS,4H,211.41,35.8407079646018
YoY,Count,06,EZ CAPS,5H,-54,-6.99481865284974
YoY,Revenue,06,EZ CAPS,5H,-218.16,-6.99481865284975
DoD,Count,06,EZ CAPS,5S,41,8.97155361050328
DoD,Revenue,06,EZ CAPS,5S,122.59,8.97155361050328
YoY,Count,06,EZ CAPS,5S,97,24.1895261845387
YoY,Revenue,06,EZ CAPS,5S,290.03,24.1895261845387
DoD,Count,06,EZ CAPS,6H,-4,-7.01754385964912
DoD,Revenue,06,EZ CAPS,6H,-17.12,-7.01754385964912
YoY,Count,06,EZ CAPS,6H,22,70.9677419354839
YoY,Revenue,06,EZ CAPS,6H,94.16,70.9677419354839
DoD,Count,06,EZ CAPS,6S,-4,-30.7692307692308
DoD,Revenue,06,EZ CAPS,6S,-11.96,-30.7692307692308
YoY,Count,06,EZ CAPS,6S,5,125
YoY,Revenue,06,EZ CAPS,6S,14.95,125
YoY,Count,06,EZ CAPS,7H,6,31.5789473684211
YoY,Revenue,06,EZ CAPS,7H,28.5,31.5789473684211
DoD,Count,06,EZ CAPS,7S,-6,-40
DoD,Revenue,06,EZ CAPS,7S,-17.94,-40
YoY,Count,06,EZ CAPS,7S,-4,-30.7692307692308
YoY,Revenue,06,EZ CAPS,7S,-11.96,-30.7692307692308
YoY,Count,89,TollsByMail,2L,-1628,-22.9166666666667
YoY,Revenue,89,TollsByMail,2L,-1628,-22.9166666666667
DoD,Count,89,TollsByMail,3L,-12,-16.6666666666667
DoD,Revenue,89,TollsByMail,3L,-18,-16.6666666666667
YoY,Count,89,TollsByMail,3L,28,87.5
YoY,Revenue,89,TollsByMail,3L,42,87.5
DoD,Count,89,TollsByMail,4L,1,20
DoD,Revenue,89,TollsByMail,4L,1.75,20
YoY,Count,89,TollsByMail,4L,-30,-83.3333333333333
YoY,Revenue,89,TollsByMail,4L,-52.5,-83.3333333333333
DoD,Count,89,TollsByMail,2H,39,39
DoD,Revenue,89,TollsByMail,2H,78,39
YoY,Count,89,TollsByMail,2H,27,24.1071428571429
YoY,Revenue,89,TollsByMail,2H,54,24.1071428571429
DoD,Count,89,TollsByMail,4H,2,20
DoD,Revenue,89,TollsByMail,4H,5.5,20
YoY,Count,89,TollsByMail,4H,-6,-33.3333333333333
YoY,Revenue,89,TollsByMail,4H,-16.5,-33.3333333333333
DoD,Count,89,TollsByMail,5H,13,13.5416666666667
DoD,Revenue,89,TollsByMail,5H,55.25,13.5416666666667
YoY,Count,89,TollsByMail,5H,-21,-16.1538461538462
YoY,Revenue,89,TollsByMail,5H,-89.25,-16.1538461538462
DoD,Count,89,TollsByMail,6H,-4,-23.5294117647059
DoD,Revenue,89,TollsByMail,6H,-18,-23.5294117647059
YoY,Count,89,TollsByMail,6H,7,116.666666666667
YoY,Revenue,89,TollsByMail,6H,31.5,116.666666666667
YoY,Count,89,EZ AMS,Commuter,-1712,-19.2901408450704
YoY,Revenue,89,EZ AMS,Commuter,-478.86,-19.2680816819233
YoY,Count,89,EZ AMS,Resident,-454,-11.722179189259
YoY,Revenue,89,EZ AMS,Resident,-40.61,-11.6504575838426
DoD,Count,89,EZ AMS,Green Discount,2,200
DoD,Revenue,89,EZ AMS,Green Discount,1.72,200
YoY,Count,89,EZ AMS,Green Discount,-2,-40
YoY,Revenue,89,EZ AMS,Green Discount,-1.72,-40
DoD,Count,89,EZ AMS,Motor Cycle 2L,3,300
DoD,Revenue,89,EZ AMS,Motor Cycle 2L,1.5,300
YoY,Count,89,EZ AMS,Motor Cycle 2L,3,300
YoY,Revenue,89,EZ AMS,Motor Cycle 2L,1.5,300
YoY,Count,89,EZ AMS,2L,-1936,-21.6071428571429
YoY,Revenue,89,EZ AMS,2L,-1859.9,-21.7412650355945
DoD,Count,89,EZ AMS,3L,-4,-36.3636363636364
DoD,Revenue,89,EZ AMS,3L,-5.72,-36.3636363636364
DoD,Count,89,EZ AMS,4L,-2,-66.6666666666667
DoD,Revenue,89,EZ AMS,4L,-3.32,-66.6666666666667
YoY,Count,89,EZ AMS,4L,-3,-75
YoY,Revenue,89,EZ AMS,4L,-4.98,-75
DoD,Count,89,EZ AMS,2H,-27,-15.2542372881356
DoD,Revenue,89,EZ AMS,2H,-51.5,-15.2683071449748
YoY,Count,89,EZ AMS,2H,-30,-16.6666666666667
YoY,Revenue,89,EZ AMS,2H,-57.7,-16.7976710334789
DoD,Count,89,EZ AMS,3H,-16,-14.6788990825688
DoD,Revenue,89,EZ AMS,3H,-34.24,-14.623729392671
YoY,Count,89,EZ AMS,3H,-40,-30.0751879699248
YoY,Revenue,89,EZ AMS,3H,-87.03,-30.3314397239745
DoD,Count,89,EZ AMS,4H,-5,-15.625
DoD,Revenue,89,EZ AMS,4H,-13.33,-15.7490548204159
YoY,Count,89,EZ AMS,6H,7,18.4210526315789
YoY,Revenue,89,EZ AMS,6H,29.96,18.0786869418296
DoD,Count,89,EZ AMS,6S,2,8.69565217391304
DoD,Revenue,89,EZ AMS,6S,5.98,8.69565217391305
YoY,Count,89,EZ AMS,6S,-4,-13.7931034482759
YoY,Revenue,89,EZ AMS,6S,-11.96,-13.7931034482759
DoD,Count,89,EZ AMS,7H,-2,-33.3333333333333
DoD,Revenue,89,EZ AMS,7H,-9.5,-33.3333333333333
YoY,Count,89,EZ AMS,7H,-1,-20
YoY,Revenue,89,EZ AMS,7H,-4.75,-20
DoD,Count,89,EZ AMS,7S,-3,-27.2727272727273
DoD,Revenue,89,EZ AMS,7S,-8.97,-27.2727272727273
YoY,Count,89,EZ AMS,7S,-1,-11.1111111111111
YoY,Revenue,89,EZ AMS,7S,-2.99,-11.1111111111111
YoY,Count,89,EZ AMS,Non-Revenue,-30,-36.144578313253
YoY,Revenue,89,EZ AMS,Non-Revenue,0,NaN
YoY,Count,89,EZ CAPS,2L,-40,-14.5454545454545
YoY,Revenue,89,EZ CAPS,2L,-38,-14.5454545454545
DoD,Count,89,EZ CAPS,3L,-2,-50
DoD,Revenue,89,EZ CAPS,3L,-2.86,-50
DoD,Count,89,EZ CAPS,4L,2,100
DoD,Revenue,89,EZ CAPS,4L,3.32,100
YoY,Count,89,EZ CAPS,4L,3,300
YoY,Revenue,89,EZ CAPS,4L,4.98,300
DoD,Count,89,EZ CAPS,2H,-23,-13.6094674556213
DoD,Revenue,89,EZ CAPS,2H,-43.7,-13.6094674556213
YoY,Count,89,EZ CAPS,2H,-53,-26.6331658291457
YoY,Revenue,89,EZ CAPS,2H,-100.7,-26.6331658291457
DoD,Count,89,EZ CAPS,3H,-14,-8
DoD,Revenue,89,EZ CAPS,3H,-29.96,-7.99999999999999
YoY,Count,89,EZ CAPS,3H,12,8.05369127516778
YoY,Revenue,89,EZ CAPS,3H,25.68,8.05369127516779
DoD,Count,89,EZ CAPS,4H,-6,-14.6341463414634
DoD,Revenue,89,EZ CAPS,4H,-15.66,-14.6341463414634
YoY,Count,89,EZ CAPS,4H,-16,-31.3725490196078
YoY,Revenue,89,EZ CAPS,4H,-41.76,-31.3725490196079
YoY,Count,89,EZ CAPS,5H,-30,-6.77200902934537
YoY,Revenue,89,EZ CAPS,5H,-121.2,-6.77200902934537
DoD,Count,89,EZ CAPS,6H,20,57.1428571428571
DoD,Revenue,89,EZ CAPS,6H,85.6,57.1428571428571
YoY,Count,89,EZ CAPS,6H,15,37.5
YoY,Revenue,89,EZ CAPS,6H,64.2,37.5
DoD,Count,89,EZ CAPS,6S,26,44.0677966101695
DoD,Revenue,89,EZ CAPS,6S,77.74,44.0677966101695
YoY,Count,89,EZ CAPS,6S,37,77.0833333333333
YoY,Revenue,89,EZ CAPS,6S,110.63,77.0833333333333
DoD,Count,89,EZ CAPS,7H,-10,-66.6666666666667
DoD,Revenue,89,EZ CAPS,7H,-47.5,-66.6666666666667
DoD,Count,89,EZ CAPS,7S,-3,-18.75
DoD,Revenue,89,EZ CAPS,7S,-8.97000000000001,-18.75
YoY,Count,89,EZ CAPS,7S,-1,-7.14285714285714
YoY,Revenue,89,EZ CAPS,7S,-2.99,-7.14285714285715